Date,AAPL,GOOG,MSFT
2019-01-02,37.667171478271484,52.105281829833984,95.11981964111328
2019-01-03,33.915252685546875,50.62111282348633,91.62056732177734
2019-01-04,35.363067626953125,53.34383010864258,95.88175964355469
2019-01-07,35.28437042236328,53.22824478149414,96.0040512084961
2019-01-08,35.956993103027344,53.62133026123047,96.70013427734375
2019-01-09,36.56760025024414,53.54062271118164,98.08291625976562
2019-01-10,36.684478759765625,53.32489776611328,97.4526596069336
2019-01-11,36.32432174682617,52.670249938964844,96.70013427734375
2019-01-14,35.778106689453125,52.047489166259766,95.99463653564453
2019-01-15,36.51036071777344,53.6646728515625,98.77898406982422
2019-01-16,36.95638656616211,53.85499572753906,99.12702941894531
2019-01-17,37.17583465576172,54.299896240234375,99.82316589355469
2019-01-18,37.40481185913086,54.71639633178711,101.31877899169922
2019-01-22,36.565216064453125,53.33436584472656,99.40924072265625
2019-01-23,36.713104248046875,53.585960388183594,100.37811279296875
2019-01-24,36.422096252441406,53.50275802612305,99.89837646484375
2019-01-25,37.629024505615234,54.35419845581055,100.8108139038086
2019-01-28,37.28077697753906,53.312442779541016,98.8448486328125
2019-01-29,36.894378662109375,52.84113311767578,96.83184814453125
2019-01-30,39.41553497314453,54.25804138183594,100.06769561767578
2019-01-31,39.69937515258789,55.618656158447266,98.2333984375
2019-02-01,39.71846008300781,55.338661193847656,96.68131256103516
2019-02-04,40.8466682434082,56.43721389770508,99.46568298339844
2019-02-05,41.54552459716797,57.09435272216797,100.85786437988281
2019-02-06,41.55984115600586,55.561859130859375,99.73847961425781
2019-02-07,40.7727165222168,54.73881912231445,99.02356719970703
2019-02-08,40.82063293457031,54.556968688964844,99.39982604980469
2019-02-11,40.58586883544922,54.554481506347656,99.0047607421875
2019-02-12,40.935611724853516,55.867759704589844,100.54743957519531
2019-02-13,40.76552200317383,55.80747604370117,100.4721908569336
2019-02-14,40.9140510559082,55.88270950317383,100.556884765625
2019-02-15,40.823028564453125,55.4831428527832,101.79852294921875
2019-02-19,40.94518280029297,55.72776794433594,101.7514877319336
2019-02-20,41.208702087402344,55.49061965942383,101.22248077392578
2019-02-21,40.9763298034668,54.652130126953125,103.35745239257812
2019-02-22,41.43385696411133,55.31973648071289,104.83113861083984
2019-02-25,41.73569107055664,55.27140426635742,105.41682434082031
2019-02-26,41.759639739990234,55.556880950927734,106.14424896240234
2019-02-27,41.88899612426758,55.60271453857422,105.96475219726562
2019-02-28,41.47697830200195,55.7955207824707,105.8324966430664
2019-03-01,41.91293716430664,56.845252990722656,106.30484771728516
2019-03-04,42.12374496459961,57.18452835083008,106.0497817993164
2019-03-05,42.047088623046875,57.89348220825195,105.5207748413086
2019-03-06,41.805145263671875,57.68572998046875,105.56800079345703
2019-03-07,41.3212776184082,56.96033477783203,104.28323364257812
2019-03-08,41.419490814208984,56.91151428222656,104.3966064453125
2019-03-11,42.85435104370117,58.57752227783203,106.58824157714844
2019-03-12,43.335838317871094,59.44640350341797,107.33455657958984
2019-03-13,43.52747344970703,59.4523811340332,108.16585540771484
2019-03-14,44.011356353759766,59.06527328491211,108.25089263916016
2019-03-15,44.5838623046875,59.01096725463867,109.49784851074219
2019-03-18,45.038997650146484,59.001007080078125,111.06604766845703
2019-03-19,44.682071685791016,59.7278938293457,111.14160919189453
2019-03-20,45.07253646850586,60.979393005371094,111.01879119873047
2019-03-21,46.73255920410156,61.35654067993164,113.56944274902344
2019-03-22,45.764808654785156,60.0592041015625,110.5748062133789
2019-03-25,45.21146774291992,59.436439514160156,111.15106964111328
2019-03-26,44.74435043334961,59.01893997192383,111.38721466064453
2019-03-27,45.14679718017578,58.441017150878906,110.310302734375
2019-03-28,45.206668853759766,58.21532440185547,110.46145629882812
2019-03-29,45.501312255859375,58.45546340942383,111.41556549072266
2019-04-01,45.81033706665039,59.50768280029297,112.43580627441406
2019-04-02,46.476261138916016,59.80959701538086,112.59640502929688
2019-04-03,46.79484558105469,60.08012771606445,113.33326721191406
2019-04-04,46.87629699707031,60.532501220703125,112.75700378417969
2019-04-05,47.19009780883789,60.14140319824219,113.25770568847656
2019-04-08,47.93267822265625,59.97650146484375,113.29546356201172
2019-04-09,47.78895568847656,59.64817428588867,112.68143463134766
2019-04-10,48.05723190307617,59.89280319213867,113.54109954833984
2019-04-11,47.657203674316406,60.015357971191406,113.67334747314453
2019-04-12,47.63802719116211,60.67548751831055,114.25904846191406
2019-04-15,47.72426986694336,60.83641052246094,114.35352325439453
2019-04-16,47.72906494140625,61.13682556152344,114.0890121459961
2019-04-17,48.658485412597656,61.595680236816406,115.03369140625
2019-04-18,48.83335876464844,61.59717559814453,116.54519653320312
2019-04-22,48.993858337402344,62.21844482421875,116.91361236572266
2019-04-23,49.70051574707031,63.001129150390625,118.50066375732422
2019-04-24,49.62385940551758,62.575157165527344,118.09445190429688
2019-04-25,49.17350769042969,62.94633102416992,122.00542449951172
2019-04-26,48.93876266479492,63.38126754760742,122.70447540283203
2019-04-29,49.013023376464844,64.14850616455078,122.59111785888672
2019-04-30,48.06922149658203,59.211246490478516,123.37525177001953
2019-05-01,50.42873001098633,58.19489669799805,120.8056869506836
2019-05-02,50.100547790527344,57.92237854003906,119.22806549072266
2019-05-03,50.72336196899414,59.05780029296875,121.76924896240234
2019-05-06,49.940067291259766,59.256587982177734,121.06076049804688
2019-05-07,48.59382247924805,58.49482727050781,118.57624816894531
2019-05-08,48.603397369384766,58.10472106933594,118.56678009033203
2019-05-09,48.081199645996094,57.910919189453125,118.5573501586914
2019-05-10,47.415096282958984,58.00508499145508,120.09716796875
2019-05-13,44.65936279296875,56.39885711669922,116.52628326416016
2019-05-14,45.366336822509766,55.82142639160156,117.8299789428711
2019-05-15,45.90978240966797,58.00209426879883,119.4892578125
2019-05-16,45.70779800415039,58.73794937133789,122.24845886230469
2019-05-17,45.448089599609375,57.90693664550781,121.43301391601562
2019-05-20,44.026939392089844,56.73863220214844,119.67887115478516
2019-05-21,44.87097930908203,57.275699615478516,120.32366180419922
2019-05-22,43.952388763427734,57.36488342285156,121.05374145507812
2019-05-23,43.2021484375,56.83428955078125,119.64097595214844
2019-05-24,43.03621292114258,56.4705924987793,119.69784545898438
2019-05-28,42.8582649230957,56.50447082519531,119.62200164794922
2019-05-29,42.653873443603516,55.62314224243164,118.4652328491211
2019-05-30,42.87510681152344,55.69737243652344,119.21427917480469
2019-05-31,42.0984001159668,54.98394012451172,117.27052307128906
2019-06-03,41.67277908325195,51.626007080078125,113.62950134277344
2019-06-04,43.19733810424805,52.463993072509766,116.77748107910156
2019-06-05,43.89466857910156,51.924434661865234,119.30909729003906
2019-06-06,44.53913116455078,52.03004837036133,121.19597625732422
2019-06-07,45.724632263183594,53.111167907714844,124.59042358398438
2019-06-10,46.3089599609375,53.825599670410156,125.7282943725586
2019-06-11,46.84520721435547,53.742897033691406,125.25416564941406
2019-06-12,46.69611740112305,53.65869903564453,124.67578125
2019-06-13,46.686492919921875,54.243595123291016,125.46277618408203
2019-06-14,46.34743881225586,54.073211669921875,125.58605194091797
2019-06-17,46.62397766113281,54.42942810058594,125.96530151367188
2019-06-18,47.72050094604492,54.98244094848633,128.15557861328125
2019-06-19,47.581024169921875,54.91917037963867,128.6581268310547
2019-06-20,47.96336364746094,55.37204360961914,129.8528289794922
2019-06-21,47.79984664916992,55.8931770324707,129.87176513671875
2019-06-24,47.75175476074219,55.57630920410156,130.63980102539062
2019-06-25,47.02796173095703,54.12303161621094,126.51522064208984
2019-06-26,48.045127868652344,53.79670715332031,126.98932647705078
2019-06-27,48.030704498291016,53.607879638671875,127.19791412353516
2019-06-28,47.593055725097656,53.85200881958008,127.01779174804688
2019-07-01,48.465938568115234,54.700950622558594,128.64862060546875
2019-07-02,48.74970245361328,55.36357116699219,129.50198364257812
2019-07-03,49.1536750793457,55.87822341918945,130.33639526367188
2019-07-05,49.11039733886719,56.37692642211914,129.95712280273438
2019-07-08,48.098018646240234,55.6176643371582,129.86233520507812
2019-07-09,48.39140701293945,56.04014587402344,129.3882293701172
2019-07-10,48.869937896728516,56.8198356628418,130.70620727539062
2019-07-11,48.514041900634766,57.005672454833984,131.22767639160156
2019-07-12,48.88676834106445,57.0400505065918,131.7017822265625
2019-07-15,49.34605026245117,57.31107711791992,131.7017822265625
2019-07-16,49.17531967163086,57.47249984741211,129.97607421875
2019-07-17,48.89878463745117,57.11228942871094,129.20806884765625
2019-07-18,49.454261779785156,57.11129379272461,129.3502960205078
2019-07-19,48.716026306152344,56.302696228027344,129.53990173339844
2019-07-22,49.829383850097656,56.699771881103516,131.25613403320312
2019-07-23,50.218936920166016,57.105316162109375,132.07154846191406
2019-07-24,50.17806625366211,56.68681716918945,133.42745971679688
2019-07-25,49.78129196166992,56.4033317565918,132.92489624023438
2019-07-26,49.954429626464844,62.296661376953125,134.01535034179688
2019-07-29,50.420936584472656,61.748634338378906,133.7213897705078
2019-07-30,50.20451354980469,61.03768539428711,133.07662963867188
2019-07-31,51.22890090942383,60.6161994934082,129.20806884765625
2019-08-01,50.12034225463867,60.234073638916016,130.9053192138672
2019-08-02,49.059898376464844,59.48576354980469,129.80540466308594
2019-08-05,46.49170684814453,57.40972137451172,125.35847473144531
2019-08-06,47.371822357177734,58.28806686401367,127.70996856689453
2019-08-07,47.86236572265625,58.48934555053711,128.26939392089844
2019-08-08,48.91802978515625,60.02432632446289,131.69227600097656
2019-08-09,48.51491928100586,59.18783187866211,130.57345581054688
2019-08-12,48.391815185546875,58.525211334228516,128.7529296875
2019-08-13,50.44112014770508,59.649173736572266,131.4173126220703
2019-08-14,48.939735412597656,58.006080627441406,127.45975494384766
2019-08-15,48.695945739746094,58.15404510498047,127.17434692382812
2019-08-16,49.84490966796875,58.66919708251953,129.50514221191406
2019-08-19,50.77423858642578,59.70796585083008,131.6741943359375
2019-08-20,50.776641845703125,58.92278289794922,130.58013916015625
2019-08-21,51.326988220214844,59.3492546081543,132.03567504882812
2019-08-22,51.283538818359375,59.2635612487793,131.07485961914062
2019-08-23,48.9131965637207,57.35840606689453,126.8984603881836
2019-08-26,49.842498779296875,58.235252380371094,128.8582305908203
2019-08-27,49.280086517333984,58.18294143676758,129.13412475585938
2019-08-28,49.610782623291016,58.341373443603516,128.96292114257812
2019-08-29,50.45078659057617,59.4289665222168,131.3983154296875
2019-08-30,50.38561248779297,59.19231414794922,131.15090942382812
2019-09-03,49.65181350708008,58.21034240722656,129.4195098876953
2019-09-04,50.494232177734375,58.859012603759766,130.93215942382812
2019-09-05,51.481468200683594,60.35214614868164,133.2343292236328
2019-09-06,51.476646423339844,60.030799865722656,132.3306121826172
2019-09-09,51.69630813598633,60.00489807128906,130.8274688720703
2019-09-10,52.307003021240234,60.084110260009766,129.4575653076172
2019-09-11,53.970088958740234,60.790077209472656,129.49562072753906
2019-09-12,53.849403381347656,61.49155807495117,130.8274688720703
2019-09-13,52.801815032958984,61.756107330322266,130.63726806640625
2019-09-16,53.079410552978516,61.34457778930664,129.6953582763672
2019-09-17,53.27251434326172,61.237464904785156,130.70382690429688
2019-09-18,53.77216339111328,61.39988327026367,131.77880859375
2019-09-19,53.335269927978516,61.7137565612793,134.20472717285156
2019-09-20,52.55561828613281,61.276329040527344,132.654052734375
2019-09-23,52.7945671081543,61.480594635009766,132.36866760253906
2019-09-24,52.54354476928711,60.71982955932617,130.69432067871094
2019-09-25,53.352169036865234,62.10285568237305,132.5779266357422
2019-09-26,53.076988220214844,61.84727478027344,132.7491912841797
2019-09-27,52.81871795654297,61.03519821166992,131.02728271484375
2019-09-30,54.06182098388672,60.73178482055664,132.26397705078125
2019-10-01,54.21148681640625,60.03927230834961,130.3993682861328
2019-10-02,52.852516174316406,58.62086868286133,128.09715270996094
2019-10-03,53.30147933959961,59.17885971069336,129.64788818359375
2019-10-04,54.79561996459961,60.233577728271484,131.3983154296875
2019-10-07,54.80769348144531,60.167808532714844,130.4469451904297
2019-10-08,54.165611267089844,59.24363327026367,129.06753540039062
2019-10-09,54.80044174194336,59.900272369384766,131.512451171875
2019-10-10,55.539066314697266,60.217132568359375,132.3306121826172
2019-10-11,57.01630401611328,60.5549201965332,132.88235473632812
2019-10-14,56.934234619140625,60.63911819458008,132.7587127685547
2019-10-15,56.801483154296875,61.92798614501953,134.68038940429688
2019-10-16,56.572174072265625,61.959373474121094,133.57681274414062
2019-10-17,56.791831970214844,62.4291877746582,132.89190673828125
2019-10-18,57.06458282470703,62.05154800415039,130.72280883789062
2019-10-21,58.054237365722656,62.08442687988281,131.6931915283203
2019-10-22,57.921485900878906,61.91752624511719,129.73345947265625
2019-10-23,58.698726654052734,62.731101989746094,130.56109619140625
2019-10-24,58.795284271240234,62.82376480102539,133.12973022460938
2019-10-25,59.51942825317383,63.030029296875,133.8813018798828
2019-10-28,60.11561584472656,64.26907348632812,137.1728973388672
2019-10-29,58.72526550292969,62.90497589111328,135.87908935546875
2019-10-30,58.71803665161133,62.838714599609375,137.57244873046875
2019-10-31,60.04562759399414,62.77992248535156,136.39279174804688
2019-11-01,61.74976348876953,63.458988189697266,136.72576904296875
2019-11-04,62.1552848815918,64.33733367919922,137.51535034179688
2019-11-05,62.06597900390625,64.3702163696289,137.4297637939453
2019-11-06,62.0925178527832,64.35874938964844,137.04920959472656
2019-11-07,62.809146881103516,65.20870208740234,137.23947143554688
2019-11-08,62.98105239868164,65.33374786376953,138.85678100585938
2019-11-11,63.47977066040039,64.7269287109375,138.99945068359375
2019-11-12,63.421661376953125,64.70750427246094,139.91273498535156
2019-11-13,64.02935028076172,64.66764831542969,140.1410675048828
2019-11-14,63.58631134033203,65.3382339477539,140.85455322265625
2019-11-15,64.34169006347656,66.50454711914062,142.67156982421875
2019-11-18,64.66610717773438,65.798583984375,143.0236053466797
2019-11-19,64.47000122070312,65.53752136230469,143.07115173339844
2019-11-20,63.719459533691406,64.91923522949219,142.82301330566406
2019-11-21,63.43379211425781,64.83454132080078,142.6893310546875
2019-11-22,63.37809371948242,64.53511047363281,142.7943572998047
2019-11-25,64.48937225341797,65.10059356689453,144.3598175048828
2019-11-26,63.985782623291016,65.4423599243164,145.1234893798828
2019-11-27,64.84525299072266,65.41445922851562,145.40032958984375
2019-11-29,64.70240783691406,65.014404296875,144.50303649902344
2019-12-02,63.954315185546875,64.26509094238281,142.75616455078125
2019-12-03,62.813995361328125,64.53213500976562,142.52708435058594
2019-12-04,63.368408203125,65.79061126708984,143.04254150390625
2019-12-05,64.29808044433594,66.16875457763672,143.11886596679688
2019-12-06,65.54010772705078,66.791015625,144.85621643066406
2019-12-09,64.62250518798828,66.93749237060547,144.4839630126953
2019-12-10,65.00019836425781,66.99229431152344,144.26438903808594
2019-12-11,65.55462646484375,67.01022338867188,144.80850219726562
2019-12-12,65.72168731689453,67.27178192138672,146.27854919433594
2019-12-13,66.61502075195312,67.15022277832031,147.50991821289062
2019-12-16,67.75533294677734,67.81483459472656,148.4644775390625
2019-12-17,67.88849639892578,67.51341247558594,147.66265869140625
2019-12-18,67.72628784179688,67.38887023925781,147.35719299316406
2019-12-19,67.79408264160156,67.55924987792969,148.63632202148438
2019-12-20,67.65364837646484,67.23790740966797,150.25909423828125
2019-12-23,68.75764465332031,67.20054626464844,150.25909423828125
2019-12-24,68.82303619384766,66.93749237060547,150.23043823242188
2019-12-26,70.18849182128906,67.77647399902344,151.4618682861328
2019-12-27,70.161865234375,67.35249328613281,151.73866271972656
2019-12-30,70.57828521728516,66.56781005859375,150.430908203125
2019-12-31,71.09398651123047,66.61166381835938,150.53590393066406
2020-01-02,72.71607208251953,68.12372589111328,153.3232421875
2020-01-03,72.00912475585938,67.78942108154297,151.4141082763672
2020-01-06,72.5829086303711,69.46092987060547,151.80548095703125
2020-01-07,72.2415542602539,69.41757202148438,150.42137145996094
2020-01-08,73.40363311767578,69.9646224975586,152.8173370361328
2020-01-09,74.96279907226562,70.73733520507812,154.72647094726562
2020-01-10,75.13226318359375,71.2305679321289,154.01052856445312
2020-01-13,76.73741149902344,71.703857421875,155.8624267578125
2020-01-14,75.70122528076172,71.28784942626953,154.7646942138672
2020-01-15,75.3768081665039,71.70236206054688,155.76695251464844
2020-01-16,76.32099914550781,72.32512664794922,158.62118530273438
2020-01-17,77.16595458984375,73.7544937133789,159.50888061523438
2020-01-21,76.64298248291016,73.95426940917969,158.9361114501953
2020-01-22,76.91658782958984,74.031494140625,158.1724853515625
2020-01-23,77.28700256347656,74.06636810302734,159.14614868164062
2020-01-24,77.06426239013672,73.07294464111328,157.54248046875
2020-01-27,74.79817199707031,71.43831634521484,154.90786743164062
2020-01-28,76.91415405273438,72.36796569824219,157.94337463378906
2020-01-29,78.52416229248047,72.6703872680664,160.4062042236328
2020-01-30,78.41035461425781,72.53138732910156,164.93084716796875
2020-01-31,74.93374633789062,71.45475769042969,162.4967498779297
2020-02-03,74.72793579101562,74.03099822998047,166.45819091796875
2020-02-04,77.19501495361328,72.0944595336914,171.93740844726562
2020-02-05,77.82447052001953,72.15225219726562,171.72740173339844
2020-02-06,78.73477172851562,73.5472412109375,175.2879638671875
2020-02-07,77.66458129882812,73.69670104980469,175.5361328125
2020-02-10,78.03343200683594,75.16393280029297,180.1276092529297
2020-02-11,77.56265258789062,75.1694107055664,176.06114196777344
2020-02-12,79.40457153320312,75.64170837402344,176.31890869140625
2020-02-13,78.83912658691406,75.46186065673828,175.3643341064453
2020-02-14,78.85855865478516,75.7647705078125,176.9298095703125
2020-02-18,77.41461181640625,75.71145629882812,178.72438049316406
2020-02-19,78.53578186035156,76.06121063232422,179.26040649414062
2020-02-20,77.7300796508789,75.63573455810547,176.5229034423828
2020-02-21,75.97065734863281,73.9896469116211,170.94253540039062
2020-02-24,72.36202239990234,70.82501220703125,163.572265625
2020-02-25,69.91097259521484,69.1739501953125,160.873046875
2020-02-26,71.02001190185547,69.40959167480469,162.88311767578125
2020-02-27,66.3775634765625,65.66854858398438,151.40650939941406
2020-02-28,66.33873748779297,66.72673797607422,155.072509765625
2020-03-02,72.51490783691406,69.20684051513672,165.39093017578125
2020-03-03,70.2118911743164,66.82937622070312,157.46543884277344
2020-03-04,73.4686508178711,69.07779693603516,163.2468719482422
2020-03-05,71.0855484008789,65.71588134765625,159.1501007080078
2020-03-06,70.14151000976562,64.68807220458984,154.65133666992188
2020-03-09,64.59388732910156,60.56039810180664,144.17025756835938
2020-03-10,69.24602508544922,63.7902946472168,154.0292205810547
2020-03-11,66.8410873413086,60.55292892456055,147.05136108398438
2020-03-12,60.240211486816406,55.54591369628906,133.10523986816406
2020-03-13,67.45748138427734,60.768150329589844,152.0286865234375
2020-03-16,58.7792854309082,54.02239227294922,129.6211395263672
2020-03-17,61.36381912231445,55.78954315185547,140.29371643066406
2020-03-18,59.861629486083984,54.64365768432617,134.3878936767578
2020-03-19,59.40297317504883,55.564849853515625,136.5989990234375
2020-03-20,55.631736755371094,53.42404556274414,131.46852111816406
2020-03-23,54.449893951416016,52.6418571472168,130.1571502685547
2020-03-24,59.912593841552734,56.519920349121094,141.98788452148438
2020-03-25,59.58255386352539,54.92714309692383,140.6287078857422
2020-03-26,62.71796798706055,57.87953186035156,149.4251708984375
2020-03-27,60.12130355834961,55.336669921875,143.2896270751953
2020-03-30,61.8370361328125,57.135704040527344,153.3687744140625
2020-03-31,61.71084213256836,57.932342529296875,150.95663452148438
2020-04-01,58.463802337646484,55.08307647705078,145.596435546875
2020-04-02,59.43935775756836,55.84135437011719,148.61155700683594
2020-04-03,58.58513641357422,54.69746780395508,147.2427978515625
2020-04-06,63.69596862792969,59.13352966308594,158.1929473876953
2020-04-07,62.958213806152344,59.113101959228516,156.4891357421875
2020-04-08,64.56961822509766,60.29734802246094,158.05892944335938
2020-04-09,65.03555297851562,60.35563278198242,158.06846618652344
2020-04-13,66.31204986572266,60.66004180908203,158.42263793945312
2020-04-14,69.6610107421875,63.234291076660156,166.26194763183594
2020-04-15,69.02519226074219,62.89750289916992,164.51988220214844
2020-04-16,69.57364654541016,62.94732666015625,169.4589385986328
2020-04-17,68.62963104248047,63.93278503417969,170.95208740234375
2020-04-20,67.2051010131836,63.103763580322266,167.56373596191406
2020-04-21,65.12776947021484,60.599266052246094,160.63372802734375
2020-04-22,67.0036849975586,62.93436813354492,166.0896759033203
2020-04-23,66.7439956665039,63.5870246887207,164.07957458496094
2020-04-24,68.6708755493164,63.736488342285156,167.07553100585938
2020-04-27,68.71943664550781,63.56560134887695,166.59695434570312
2020-04-28,67.60550689697266,61.46265411376953,162.5385284423828
2020-04-29,69.82601928710938,66.83384704589844,169.83224487304688
2020-04-30,71.29908752441406,67.19157409667969,171.5360107421875
2020-05-01,70.15122985839844,65.79409790039062,167.0947265625
2020-05-04,71.14379119873047,66.10248565673828,171.18186950683594
2020-05-05,72.21156311035156,67.31363677978516,173.0196075439453
2020-05-06,72.95659637451172,67.12380981445312,174.723388671875
2020-05-07,73.7113265991211,68.3823013305664,175.738037109375
2020-05-08,75.46578216552734,69.16996765136719,176.77178955078125
2020-05-11,76.65327453613281,69.91180419921875,178.74356079101562
2020-05-12,75.77723693847656,68.54073333740234,174.6947021484375
2020-05-13,74.8623046875,67.2249526977539,172.05287170410156
2020-05-14,75.32222747802734,67.5637435913086,172.79945373535156
2020-05-15,74.87689971923828,68.41368865966797,175.31687927246094
2020-05-18,76.64108276367188,68.94925689697266,176.991943359375
2020-05-19,76.19821166992188,68.42838287353516,175.7667694091797
2020-05-20,77.68013763427734,70.08418273925781,178.20472717285156
2020-05-21,77.10100555419922,69.88888549804688,176.06427001953125
2020-05-22,77.59739685058594,70.26851654052734,176.1410675048828
2020-05-26,77.07179260253906,70.59732818603516,174.27899169921875
2020-05-27,77.4075927734375,70.63818359375,174.50933837890625
2020-05-28,77.4416732788086,70.58289337158203,174.11581420898438
2020-05-29,77.36622619628906,71.1902084350586,175.89151000976562
2020-06-01,78.31767272949219,71.33468627929688,175.48837280273438
2020-06-02,78.68026733398438,71.70336151123047,177.48487854003906
2020-06-03,79.11338806152344,71.56187438964844,177.9167938232422
2020-06-04,78.43204498291016,70.356201171875,175.5747833251953
2020-06-05,80.66585540771484,71.6620101928711,179.68287658691406
2020-06-08,81.1427993774414,72.07154083251953,180.79629516601562
2020-06-09,83.70513153076172,72.54732513427734,182.17849731445312
2020-06-10,85.8586654663086,73.03009796142578,188.93577575683594
2020-06-11,81.73653411865234,69.9406967163086,178.7902374267578
2020-06-12,82.44222259521484,70.40602111816406,180.2012481689453
2020-06-15,83.46178436279297,70.73832702636719,181.35305786132812
2020-06-16,85.67373657226562,71.87773895263672,185.797119140625
2020-06-17,85.55448150634766,72.29623413085938,186.440185546875
2020-06-18,85.58856964111328,71.54093933105469,188.4366912841797
2020-06-19,85.0994644165039,71.32970428466797,187.31365966796875
2020-06-22,87.32596588134766,72.33309936523438,192.51602172851562
2020-06-23,89.18993377685547,72.95834350585938,193.8021697998047
2020-06-24,87.61553955078125,71.3421630859375,189.89564514160156
2020-06-25,88.77869415283203,71.80847930908203,192.29522705078125
2020-06-26,86.0509033203125,67.75157165527344,188.44625854492188
2020-06-29,88.03407287597656,69.498779296875,190.4715576171875
2020-06-30,88.76897430419922,70.42744445800781,195.33795166015625
2020-07-01,88.6010513305664,71.64456939697266,196.48020935058594
2020-07-02,88.6010513305664,72.9728012084961,197.97750854492188
2020-07-06,90.97113800048828,74.51725006103516,202.2392120361328
2020-07-07,90.68885803222656,73.9931411743164,199.8876190185547
2020-07-08,92.80103302001953,74.5322036743164,204.28370666503906
2020-07-09,93.20010375976562,75.27902221679688,205.71388244628906
2020-07-10,93.36314392089844,76.81100463867188,205.08995056152344
2020-07-13,92.93244934082031,75.29645538330078,198.75503540039062
2020-07-14,94.4703140258789,75.75679779052734,199.98362731933594
2020-07-15,95.12002563476562,75.41104125976562,199.68605041503906
2020-07-16,93.94959259033203,75.62825775146484,195.73147583007812
2020-07-17,93.75975036621094,75.50619506835938,194.73326110839844
2020-07-20,95.73566436767578,78.00572204589844,203.1030731201172
2020-07-21,94.41435241699219,77.64201354980469,200.36756896972656
2020-07-22,94.67959594726562,78.14373016357422,203.24705505371094
2020-07-23,90.3700942993164,75.5126724243164,194.40692138671875
2020-07-24,90.14622497558594,75.3228530883789,193.2167205810547
2020-07-27,92.2827377319336,76.23607635498047,195.66432189941406
2020-07-28,90.7667465209961,74.74842071533203,193.9077911376953
2020-07-29,92.50659942626953,75.82854461669922,195.86585998535156
2020-07-30,93.62593078613281,76.2983627319336,195.71229553222656
2020-07-31,103.4275131225586,73.88253784179688,196.77767944335938
2020-08-03,106.03364562988281,73.45855712890625,207.84471130371094
2020-08-04,106.74176025390625,72.98625183105469,204.7252197265625
2020-08-05,107.12865447998047,73.41670227050781,204.38929748535156
2020-08-06,110.86629486083984,74.73645782470703,207.662353515625
2020-08-07,108.34564971923828,74.45697021484375,203.94776916503906
2020-08-10,109.92044067382812,74.53717803955078,199.8876190185547
2020-08-11,106.65143585205078,73.75100708007812,195.21316528320312
2020-08-12,110.1959228515625,75.06129455566406,200.7899169921875
2020-08-13,112.14611053466797,75.65067291259766,200.3195343017578
2020-08-14,112.0461654663086,75.1166000366211,200.5115203857422
2020-08-17,111.75362396240234,75.62726593017578,201.83612060546875
2020-08-18,112.68485260009766,77.65099334716797,202.9974822998047
2020-08-19,112.82624053955078,77.09947204589844,201.7659149169922
2020-08-20,115.32981872558594,78.80435180664062,206.46133422851562
2020-08-21,121.27302551269531,78.73809051513672,204.9603271484375
2020-08-24,122.72347259521484,79.12569427490234,205.6050262451172
2020-08-25,121.71671295166016,80.12310791015625,208.27981567382812
2020-08-26,123.37191772460938,82.32320404052734,212.78274536132812
2020-08-27,121.89710998535156,81.42393493652344,218.0072784423828
2020-08-28,121.69963073730469,81.9261245727539,220.2491455078125
2020-08-31,125.82674407958984,81.41645812988281,216.9970245361328
2020-09-01,130.8387451171875,82.73821258544922,218.67124938964844
2020-09-02,128.12796020507812,86.10462188720703,222.88548278808594
2020-09-03,117.86992645263672,81.798095703125,209.07843017578125
2020-09-04,117.94794464111328,79.2671890258789,206.143798828125
2020-09-08,110.01063537597656,76.34518432617188,194.9923095703125
2020-09-09,114.39859008789062,77.56928253173828,203.29580688476562
2020-09-10,110.6639633178711,76.32675170898438,197.59979248046875
2020-09-11,109.2110595703125,75.76377868652344,196.31048583984375
2020-09-14,112.48739624023438,75.69202423095703,197.63827514648438
2020-09-15,112.66291809082031,76.79606628417969,200.88076782226562
2020-09-16,109.33781433105469,75.77273559570312,197.29190063476562
2020-09-17,107.59239196777344,74.50878143310547,195.2328338623047
2020-09-18,104.1795425415039,72.73814392089844,192.8081817626953
2020-09-21,107.33888244628906,71.30180358886719,194.87686157226562
2020-09-22,109.02579498291016,73.01066589355469,199.57220458984375
2020-09-23,104.45256805419922,70.50716400146484,193.00062561035156
2020-09-24,105.52519226074219,71.1588134765625,195.50225830078125
2020-09-25,109.48409271240234,71.98934173583984,199.9571075439453
2020-09-28,112.09735107421875,72.96383666992188,201.51580810546875
2020-09-29,111.24900817871094,73.2034683227539,199.41827392578125
2020-09-30,112.92617797851562,73.21692657470703,202.37216186523438
2020-10-01,113.88179016113281,74.23775482177734,204.42156982421875
2020-10-02,110.20567321777344,72.65991973876953,198.3887481689453
2020-10-05,113.59899139404297,74.03498840332031,202.4202423095703
2020-10-06,110.34217071533203,72.41181182861328,198.11932373046875
2020-10-07,112.21437072753906,72.75309753417969,201.8910369873047
2020-10-08,112.10710906982422,74.03050231933594,202.61264038085938
2020-10-09,114.05731964111328,75.48975372314453,207.64479064941406
2020-10-12,121.30227661132812,78.17660522460938,213.0232696533203
2020-10-13,118.08446502685547,78.30265045166016,214.42807006835938
2020-10-14,118.1722183227539,78.12329864501953,212.50369262695312
2020-10-15,117.70417022705078,77.6773910522461,211.34912109375
2020-10-16,116.0562515258789,78.36891174316406,211.34912109375
2020-10-19,113.09195709228516,76.45578002929688,206.11492919921875
2020-10-20,114.5838623046875,77.51797485351562,206.52865600585938
2020-10-21,113.95979309082031,79.3802719116211,206.67298889160156
2020-10-22,112.86767578125,80.47734069824219,206.7595672607422
2020-10-23,112.17536163330078,81.7562484741211,208.04891967773438
2020-10-26,112.18511199951172,79.23778533935547,202.13157653808594
2020-10-27,113.69650268554688,79.92581939697266,205.18162536621094
2020-10-28,108.43099975585938,75.55950927734375,195.01156616210938
2020-10-29,112.4483871459961,78.08145141601562,196.97434997558594
2020-10-30,106.14923858642578,80.76031494140625,194.80947875976562
2020-11-02,106.06147766113281,81.01042175292969,194.6748046875
2020-11-03,107.68991088867188,82.21509552001953,198.61965942382812
2020-11-04,112.08760070800781,87.14337921142578,208.20286560058594
2020-11-05,116.06600189208984,87.85283660888672,214.84176635742188
2020-11-06,115.93412017822266,87.77212524414062,215.25552368164062
2020-11-09,113.61917114257812,87.83440399169922,210.12716674804688
2020-11-10,113.27730560302734,86.70794677734375,203.0264129638672
2020-11-11,116.71554565429688,87.32173919677734,208.35675048828125
2020-11-12,116.44206237792969,87.17875671386719,207.28875732421875
2020-11-13,116.49089813232422,88.53289031982422,208.31829833984375
2020-11-16,117.50678253173828,88.75011444091797,209.0110626220703
2020-11-17,116.61788940429688,88.19062042236328,206.34585571289062
2020-11-18,115.28947448730469,87.02629852294922,203.6254425048828
2020-11-19,115.88528442382812,87.88023376464844,204.91812133789062
2020-11-20,114.615478515625,86.7976303100586,202.95982360839844
2020-11-23,111.20652770996094,86.43243408203125,202.68972778320312
2020-11-24,112.49586486816406,88.1273422241211,206.3072509765625
2020-11-25,113.33589935302734,88.25439453125,206.31692504882812
2020-11-27,113.88289642333984,89.3385009765625,207.62887573242188
2020-11-30,116.28580474853516,87.72180938720703,206.5098419189453
2020-12-01,119.87057495117188,89.58311462402344,208.5742950439453
2020-12-02,120.22220611572266,91.07028198242188,207.76397705078125
2020-12-03,120.08546447753906,91.01148223876953,206.6738739013672
2020-12-04,119.4114990234375,91.072265625,206.78961181640625
2020-12-07,120.87665557861328,90.6482925415039,206.7220916748047
2020-12-08,121.49201202392578,90.6019515991211,208.38136291503906
2020-12-09,118.95240783691406,88.88711547851562,204.3200225830078
2020-12-10,120.37848663330078,88.44869995117188,203.08526611328125
2020-12-11,119.5677719116211,88.76954650878906,205.7284698486328
2020-12-14,118.95240783691406,87.68792724609375,206.63528442382812
2020-12-15,124.91072082519531,88.07205200195312,206.5677490234375
2020-12-16,124.8423843383789,87.83440399169922,211.53587341308594
2020-12-17,125.71170043945312,87.08209991455078,211.67091369628906
2020-12-18,123.71907806396484,86.24063110351562,210.87025451660156
2020-12-21,125.25262451171875,86.6571273803711,214.72897338867188
2020-12-22,128.8179168701172,85.8664779663086,216.03131103515625
2020-12-23,127.91925811767578,86.30888366699219,213.21441650390625
2020-12-24,128.9058074951172,86.6312255859375,214.88331604003906
2020-12-28,133.51622009277344,88.48655700683594,217.0152587890625
2020-12-29,131.73843383789062,87.62117004394531,216.23385620117188
2020-12-30,130.6151580810547,86.66460418701172,213.85110473632812
2020-12-31,129.60906982421875,87.28040313720703,214.56495666503906
2021-01-04,126.40523529052734,86.10262298583984,210.00198364257812
2021-01-05,127.96809387207031,86.7343521118164,210.20457458496094
2021-01-06,123.66047668457031,86.45386505126953,204.75413513183594
2021-01-07,127.88018035888672,89.04256439208984,210.58079528808594
2021-01-08,128.9839324951172,90.0369873046875,211.86383056640625
2021-01-11,125.98521423339844,88.01973724365234,209.80909729003906
2021-01-12,125.80939483642578,87.01483917236328,207.3394775390625
2021-01-13,127.8508529663086,87.40594482421875,208.69969177246094
2021-01-14,125.91686248779297,86.6974868774414,205.4969482421875
2021-01-15,124.18793487548828,86.49870300292969,205.13998413085938
2021-01-19,124.86192321777344,89.222412109375,208.796142578125
2021-01-20,128.9644012451172,94.0072250366211,216.4171600341797
2021-01-21,133.69200134277344,94.22394561767578,217.02491760253906
2021-01-22,135.84097290039062,94.71218872070312,217.97027587890625
2021-01-25,139.60153198242188,94.62998962402344,221.42388916015625
2021-01-26,139.83596801757812,95.51878356933594,224.125
2021-01-27,138.7615203857422,91.21176147460938,224.6748809814453
2021-01-28,133.9069061279297,92.82197570800781,230.4918975830078
2021-01-29,128.89602661132812,91.45838928222656,223.76805114746094
2021-02-01,131.02540588378906,94.72713470458984,231.1864471435547
2021-02-02,131.85568237304688,96.03045654296875,231.05140686035156
2021-02-03,130.830078125,103.13292694091797,234.41815185546875
2021-02-04,134.19996643066406,102.74932098388672,233.463134765625
2021-02-05,133.78419494628906,104.5244369506836,233.6464080810547
2021-02-08,133.93092346191406,104.2708511352539,233.90687561035156
2021-02-09,133.05052185058594,103.80252838134766,235.16094970703125
2021-02-10,132.44398498535156,104.3938980102539,234.2445526123047
2021-02-11,132.18966674804688,104.4193115234375,235.85552978515625
2021-02-12,132.42442321777344,104.8288345336914,236.33787536621094
2021-02-16,130.29188537597656,105.71515655517578,235.0934295654297
2021-02-17,127.9930191040039,106.03450775146484,236.11834716796875
2021-02-18,126.88761901855469,105.48099517822266,235.721923828125
2021-02-19,127.04410552978516,104.68087005615234,232.9952392578125
2021-02-22,123.25833892822266,102.8743667602539,226.7490234375
2021-02-23,123.12136840820312,103.17228698730469,225.55006408691406
2021-02-24,122.62246704101562,104.38343811035156,226.78768920898438
2021-02-25,118.35734558105469,101.20436096191406,221.41172790527344
2021-02-26,118.6214599609375,101.47837829589844,224.6895294189453
2021-03-01,125.00935363769531,103.70288848876953,229.09861755371094
2021-03-02,122.39747619628906,103.42040252685547,226.13023376464844
2021-03-03,119.40406036376953,100.97270202636719,220.02906799316406
2021-03-04,117.51604461669922,102.08768463134766,219.2264862060547
2021-03-05,118.7779769897461,105.04954528808594,223.9353485107422
2021-03-08,113.82807159423828,100.84614562988281,219.86471557617188
2021-03-09,118.45514678955078,102.26753997802734,226.04319763183594
2021-03-10,117.36933135986328,102.38362884521484,224.7281951904297
2021-03-11,119.30622100830078,105.35993957519531,229.28231811523438
2021-03-12,118.3964614868164,102.72689056396484,227.94801330566406
2021-03-15,121.29206085205078,102.95457458496094,227.0391082763672
2021-03-16,122.83768463134766,104.25141143798828,229.8431396484375
2021-03-17,122.04530334472656,104.1796646118164,229.1953125
2021-03-18,117.90734100341797,101.44649505615234,223.0844268798828
2021-03-19,117.37908935546875,101.79425048828125,222.72671508789062
2021-03-22,120.70512390136719,101.56455993652344,228.1800537109375
2021-03-23,119.8736343383789,102.28050231933594,229.7174530029297
2021-03-24,117.47692108154297,101.88690185546875,227.66763305664062
2021-03-25,117.96604919433594,101.85203552246094,224.65078735351562
2021-03-26,118.57255554199219,101.4131088256836,228.65382385253906
2021-03-29,118.74861907958984,102.42945861816406,227.45489501953125
2021-03-30,117.29104614257812,102.40902709960938,224.17710876464844
2021-03-31,119.49209594726562,103.06119537353516,227.9673309326172
2021-04-01,120.3236083984375,106.50481414794922,234.32957458496094
2021-04-05,123.16050720214844,110.87909698486328,240.8271942138672
2021-04-06,123.46375274658203,110.83924865722656,239.6572265625
2021-04-07,125.11698913574219,112.08129119873047,241.62969970703125
2021-04-08,127.5234603881836,112.86647033691406,244.86883544921875
2021-04-09,130.1060028076172,113.88480377197266,247.38279724121094
2021-04-12,128.3843231201172,112.33587646484375,247.44082641601562
2021-04-13,131.50486755371094,112.95763397216797,249.93545532226562
2021-04-14,129.15711975097656,112.33834838867188,247.13140869140625
2021-04-15,131.57333374023438,114.421875,250.91204833984375
2021-04-16,131.24078369140625,114.47667694091797,252.11093139648438
2021-04-19,131.9059600830078,114.70784759521484,250.17713928222656
2021-04-20,130.213623046875,114.27091217041016,249.71307373046875
2021-04-21,130.59510803222656,114.25397491455078,251.95626831054688
2021-04-22,129.06903076171875,112.99002075195312,248.65914916992188
2021-04-23,131.3972930908203,115.35053253173828,252.5073699951172
2021-04-26,131.78858947753906,115.92047882080078,252.89414978027344
2021-04-27,131.46575927734375,114.94300079345703,253.30027770996094
2021-04-28,130.6733856201172,118.56946563720703,246.135498046875
2021-04-29,130.5755615234375,121.05951690673828,244.1533203125
2021-04-30,128.59954833984375,120.07455444335938,243.83425903320312
2021-05-03,129.656005859375,119.3297348022461,243.52484130859375
2021-05-04,125.06806182861328,117.29106903076172,239.5895233154297
2021-05-05,125.31265258789062,117.41511535644531,238.31321716308594
2021-05-06,126.91695404052734,118.64120483398438,241.46531677246094
2021-05-07,127.59306335449219,119.5051040649414,244.10499572753906
2021-05-10,124.30060577392578,116.663818359375,238.99974060058594
2021-05-11,123.37948608398438,115.02471160888672,238.0811767578125
2021-05-12,120.30259704589844,111.55317687988281,231.09043884277344
2021-05-13,122.4583969116211,112.6935806274414,234.98704528808594
2021-05-14,124.88853454589844,115.39337921142578,239.9376220703125
2021-05-17,123.73225402832031,115.65494537353516,237.06590270996094
2021-05-18,122.34080505371094,114.7591552734375,235.035400390625
2021-05-19,122.18402099609375,115.022216796875,235.6168975830078
2021-05-20,124.75135040283203,117.38272857666016,238.8732147216797
2021-05-21,122.90913391113281,116.83519744873047,237.60365295410156
2021-05-24,124.54557800292969,119.9026870727539,243.04046630859375
2021-05-25,124.34959411621094,120.02224731445312,243.9514923095703
2021-05-26,124.30060577392578,121.24085998535156,243.72857666015625
2021-05-27,122.76215362548828,119.69542694091797,241.61587524414062
2021-05-28,122.1056137084961,120.14630126953125,241.9744415283203
2021-06-01,121.78226470947266,121.05553436279297,239.76478576660156
2021-06-02,122.54657745361328,120.63056182861328,239.6678924560547
2021-06-03,121.05713653564453,119.80004119873047,238.12696838378906
2021-06-04,123.35990142822266,122.14910125732422,243.05018615722656
2021-06-07,123.36968994140625,122.86302947998047,245.9769744873047
2021-06-08,124.19281768798828,123.69804382324219,244.77525329589844
2021-06-09,124.57495880126953,124.1240005493164,245.7637939453125
2021-06-10,123.57548522949219,125.62860107421875,249.3011016845703
2021-06-11,124.7905502319336,125.24647521972656,249.93112182617188
2021-06-14,127.85765838623047,125.8996353149414,251.8693084716797
2021-06-15,127.03453063964844,125.58177185058594,250.38653564453125
2021-06-16,127.53426361083984,125.24647521972656,249.4368438720703
2021-06-17,129.14132690429688,125.91856384277344,252.84817504882812
2021-06-18,127.83805084228516,125.11793518066406,251.42349243164062
2021-06-21,129.6410675048828,126.00225830078125,254.5248260498047
2021-06-22,131.2873077392578,126.54480743408203,257.31597900390625
2021-06-23,131.01295471191406,126.00874328613281,257.08331298828125
2021-06-24,130.7288055419922,126.82630157470703,258.4595031738281
2021-06-25,130.43478393554688,126.54032897949219,256.84100341796875
2021-06-28,132.07122802734375,126.3654556274414,260.4268798828125
2021-06-29,133.59007263183594,125.56732177734375,263.024169921875
2021-06-30,134.20741271972656,124.86734771728516,262.5395812988281
2021-07-01,134.51119995117188,125.91606903076172,263.2179870605469
2021-07-02,137.1470947265625,128.25816345214844,269.08123779296875
2021-07-06,139.16571044921875,129.30638122558594,269.0909118652344
2021-07-07,141.6644744873047,129.61180114746094,271.2909240722656
2021-07-08,140.3612060546875,128.7145233154297,268.8583984375
2021-07-09,142.19363403320312,129.11058044433594,269.3623046875
2021-07-12,141.5959014892578,130.0965576171875,268.7614440917969
2021-07-13,142.7129669189453,130.52552795410156,272.3084411621094
2021-07-14,146.1524200439453,131.609619140625,273.79132080078125
2021-07-15,145.49591064453125,130.79652404785156,272.35693359375
2021-07-16,143.44790649414062,131.37347412109375,272.0855712890625
2021-07-19,139.5870819091797,128.79124450683594,268.4610290527344
2021-07-20,143.21273803710938,130.63214111328125,270.69970703125
2021-07-21,142.477783203125,132.12574768066406,272.71551513671875
2021-07-22,143.84963989257812,132.8511505126953,277.3092956542969
2021-07-23,145.57427978515625,137.3225860595703,280.7302551269531
2021-07-26,145.99560546875,139.14453125,280.1293640136719
2021-07-27,143.8202362060547,136.30673217773438,277.6968994140625
2021-07-28,142.0662078857422,135.89321899414062,277.3868103027344
2021-07-29,142.7129669189453,136.05166625976562,277.6580810546875
2021-07-30,142.92855834960938,134.73687744140625,276.1171875
2021-08-02,142.5953826904297,135.5026397705078,276.02996826171875
2021-08-03,144.39840698242188,135.79208374023438,278.25897216796875
2021-08-04,143.99664306640625,135.54150390625,277.6678466796875
2021-08-05,144.10440063476562,136.44972229003906,280.58489990234375
2021-08-06,143.41749572753906,136.54537963867188,280.5267639160156
2021-08-09,143.36839294433594,137.50791931152344,279.43157958984375
2021-08-10,142.8875274658203,137.60208129882812,277.5999755859375
2021-08-11,143.1427001953125,137.196533203125,278.09423828125
2021-08-12,146.1162567138672,137.89401245117188,280.8659973144531
2021-08-13,146.3223114013672,137.9104766845703,283.8121032714844
2021-08-16,148.3046875,138.41864013671875,285.50811767578125
2021-08-17,147.39202880859375,136.80892944335938,284.0350341796875
2021-08-18,143.6333770751953,136.0810546875,282.2969665527344
2021-08-19,143.96702575683594,136.42330932617188,288.1617431640625
2021-08-20,145.42929077148438,137.9413604736328,295.53155517578125
2021-08-23,146.92098999023438,140.59432983398438,295.8131408691406
2021-08-24,146.8326416015625,141.888671875,293.842041015625
2021-08-25,145.5961456298828,142.43820190429688,293.24981689453125
2021-08-26,144.7913818359375,141.61416625976562,290.41448974609375
2021-08-27,145.8316650390625,144.03297424316406,291.0262756347656
2021-08-30,150.2674560546875,144.9486846923828,294.783935546875
2021-08-31,149.00144958496094,144.94122314453125,293.1235046386719
2021-09-01,149.6687774658203,145.31983947753906,293.0750427246094
2021-09-02,150.78758239746094,143.70265197753906,292.4147033691406
2021-09-03,151.42543029785156,144.2566680908203,292.405029296875
2021-09-07,153.7709503173828,144.9980010986328,291.4728698730469
2021-09-08,152.22039794921875,144.3647918701172,291.5020446777344
2021-09-09,151.19973754882812,144.39466857910156,288.6278991699219
2021-09-10,146.19476318359375,141.4128875732422,287.1324768066406
2021-09-13,146.76394653320312,142.95135498046875,288.3753356933594
2021-09-14,145.36056518554688,142.89259338378906,291.0942077636719
2021-09-15,146.25363159179688,144.68612670898438,295.978271484375
2021-09-16,146.01808166503906,143.8566131591797,296.36669921875
2021-09-17,143.33895874023438,140.95703125,291.171875
2021-09-20,140.27711486816406,138.519287109375,285.76336669921875
2021-09-21,140.75794982910156,139.1465301513672,286.2488708496094
2021-09-22,143.13290405273438,140.4339141845703,289.9192199707031
2021-09-23,144.0946044921875,141.31874084472656,290.8708190917969
2021-09-24,144.18295288085938,142.12232971191406,290.6669921875
2021-09-27,142.66180419921875,140.99440002441406,285.63720703125
2021-09-28,139.26629638671875,135.69642639160156,275.29608154296875
2021-09-29,140.1691436767578,134.0393829345703,275.76226806640625
2021-09-30,138.86390686035156,132.7883758544922,273.74249267578125
2021-10-01,139.9924774169922,135.9739227294922,280.7142028808594
2021-10-04,136.54786682128906,133.2860870361328,274.89801025390625
2021-10-05,138.48118591308594,135.68946838378906,280.38409423828125
2021-10-06,139.35459899902344,136.86224365234375,284.6079406738281
2021-10-07,140.62057495117188,138.6871795654297,286.2973937988281
2021-10-08,140.23780822753906,139.5545654296875,286.2973937988281
2021-10-11,140.14950561523438,138.3503875732422,285.69549560546875
2021-10-12,138.8737335205078,136.22354125976562,284.38458251953125
2021-10-13,138.28489685058594,137.4062957763672,287.7151184082031
2021-10-14,141.08181762695312,140.9057159423828,293.9682922363281
2021-10-15,142.1416778564453,141.1677703857422,295.3859558105469
2021-10-18,143.81980895996094,142.44866943359375,298.3766174316406
2021-10-19,145.98863220214844,143.30709838867188,299.2893371582031
2021-10-20,146.47935485839844,141.9051055908203,298.4931335449219
2021-10-21,146.6952362060547,142.26931762695312,301.7460021972656
2021-10-22,145.91998291015625,138.12869262695312,300.1923828125
2021-10-25,145.87086486816406,138.27615356445312,299.1922912597656
2021-10-26,146.53823852539062,139.17193603515625,301.1148376464844
2021-10-27,146.07699584960938,145.90325927734375,313.7960205078125
2021-10-28,149.72767639160156,145.60581970214844,314.9418029785156
2021-10-29,147.00930786132812,147.73965454101562,322.00091552734375
2021-11-01,146.18495178222656,143.25926208496094,319.816162109375
2021-11-02,147.22520446777344,145.3407745361328,323.46710205078125
2021-11-03,148.6678009033203,146.2644500732422,324.3119201660156
2021-11-04,148.14764404296875,148.1506805419922,326.6810302734375
2021-11-05,148.67837524414062,148.70669555664062,326.31207275390625
2021-11-08,147.8528289794922,148.81678771972656,327.21514892578125
2021-11-09,148.21644592285156,148.7141571044922,326.205322265625
2021-11-10,145.3761749267578,146.10105895996094,321.2047119140625
2021-11-11,145.3270263671875,146.2226104736328,322.78741455078125
2021-11-12,147.4105682373047,149.10972595214844,326.95294189453125
2021-11-15,147.42039489746094,148.85316467285156,326.32183837890625
2021-11-16,148.4031982421875,148.5422821044922,329.66204833984375
2021-11-17,150.85037231445312,148.5283203125,329.8857727050781
2021-11-18,155.15504455566406,150.16943359375,331.9772033691406
2021-11-19,157.78892517089844,149.41563415527344,333.7671203613281
2021-11-22,158.2509002685547,146.55194091796875,330.5764465332031
2021-11-23,158.63418579101562,146.2315673828125,328.4849548339844
2021-11-24,159.15504455566406,146.1922149658203,328.708740234375
2021-11-26,154.11329650878906,142.29470825195312,320.7028503417969
2021-11-29,157.48431396484375,145.59088134765625,327.4635925292969
2021-11-30,162.457275390625,141.94198608398438,321.58807373046875
2021-12-01,161.9364013671875,141.11097717285156,321.0919189453125
2021-12-02,160.9437713623047,143.26174926757812,320.51800537109375
2021-12-03,159.05674743652344,142.01023864746094,314.2144470214844
2021-12-06,162.47695922851562,143.2816619873047,317.3078918457031
2021-12-07,168.23614501953125,147.50648498535156,325.8001708984375
2021-12-08,172.069091796875,148.18804931640625,325.8487854003906
2021-12-09,171.5580291748047,147.57574462890625,324.0296630859375
2021-12-10,176.3639373779297,148.14271545410156,333.21270751953125
2021-12-13,172.71775817871094,146.17926025390625,330.15814208984375
2021-12-14,171.3319854736328,144.45147705078125,319.3993225097656
2021-12-15,176.21652221679688,146.8408966064453,325.53753662109375
2021-12-16,169.29757690429688,144.31993103027344,316.052978515625
2021-12-17,168.19683837890625,142.29173278808594,314.9829406738281
2021-12-20,166.83074951171875,141.89166259765625,311.1988830566406
2021-12-21,170.0150146484375,143.70416259765625,318.3778991699219
2021-12-22,172.61947631835938,146.4228973388672,324.1269836425781
2021-12-23,173.24847412109375,146.61569213867188,325.5763854980469
2021-12-27,177.2288360595703,147.5338897705078,333.1250915527344
2021-12-28,176.20668029785156,145.92367553710938,331.9577941894531
2021-12-29,176.29515075683594,145.97998046875,332.63873291015625
2021-12-30,175.1354522705078,145.4797821044922,330.0802917480469
2021-12-31,174.5162811279297,144.16151428222656,327.1620178222656
2022-01-03,178.8799285888672,144.5550994873047,325.6347961425781
2022-01-04,176.60964965820312,143.8994598388672,320.0510559082031
2022-01-05,171.91184997558594,137.16067504882812,307.76495361328125
2022-01-06,169.04205322265625,137.0585479736328,305.33306884765625
2022-01-07,169.20913696289062,136.5139923095703,305.48876953125
2022-01-10,169.2288055419922,138.07789611816406,305.7124328613281
2022-01-11,172.069091796875,139.51620483398438,306.40313720703125
2022-01-12,172.51133728027344,141.14085388183594,309.603515625
2022-01-13,169.2288055419922,138.63287353515625,296.5002746582031
2022-01-14,170.09368896484375,139.28602600097656,301.75323486328125
2022-01-18,166.8798828125,135.8025360107422,294.4088134765625
2022-01-19,163.37127685546875,135.1663360595703,295.0702819824219
2022-01-20,161.68087768554688,133.0285186767578,293.387451171875
2022-01-21,159.61697387695312,129.62623596191406,287.9691467285156
2022-01-24,158.840576171875,129.9052276611328,288.2998352050781
2022-01-25,157.03219604492188,126.2817611694336,280.6344299316406
2022-01-26,156.9437713623047,128.7772979736328,288.6305847167969
2022-01-27,156.48184204101562,128.65872192382812,291.67535400390625
2022-01-28,167.4008026123047,132.81228637695312,299.8661193847656
2022-01-31,171.77426147460938,135.21266174316406,302.5120544433594
2022-02-01,171.60716247558594,137.3848419189453,300.3525085449219
2022-02-02,172.81600952148438,147.50648498535156,304.9244689941406
2022-02-03,169.9265899658203,142.13978576660156,293.0469665527344
2022-02-04,169.6412353515625,142.50396728515625,297.6092224121094
2022-02-07,168.92286682128906,138.44058227539062,292.7551574707031
2022-02-08,172.04229736328125,138.71458435058594,296.266845703125
2022-02-09,173.46920776367188,140.9465789794922,302.7357482910156
2022-02-10,169.37551879882812,138.10626220703125,294.146240234375
2022-02-11,165.95101928710938,133.64979553222656,287.006103515625
2022-02-14,166.1871795654297,134.8155975341797,286.9671630859375
2022-02-15,170.03485107421875,135.9370574951172,292.28826904296875
2022-02-16,169.7986602783203,136.99525451660156,291.94708251953125
2022-02-17,166.1871795654297,131.83480834960938,283.398193359375
2022-02-18,164.6323699951172,130.00039672851562,280.6687927246094
2022-02-22,161.6999053955078,128.939208984375,280.464111328125
2022-02-23,157.51768493652344,127.12821197509766,273.2020568847656
2022-02-24,160.14511108398438,132.198486328125,287.1608581542969
2022-02-25,162.221435546875,134.0378875732422,289.8122863769531
2022-02-28,162.4871368408203,134.40805053710938,291.2549743652344
2022-03-01,160.59774780273438,133.68765258789062,287.51177978515625
2022-03-02,163.9041748046875,134.26905822753906,292.6195983886719
2022-03-03,163.5794219970703,133.82716369628906,288.45733642578125
2022-03-04,160.56822204589844,131.6489715576172,282.55010986328125
2022-03-07,156.7599639892578,126.01172637939453,271.87628173828125
2022-03-08,154.92959594726562,126.82281494140625,268.8934631347656
2022-03-09,160.35174560546875,133.38671875,281.22442626953125
2022-03-10,155.99237060546875,132.20697021484375,278.38775634765625
2022-03-11,152.26280212402344,130.0083465576172,273.0070495605469
2022-03-14,148.2183380126953,126.28723907470703,269.4685974121094
2022-03-15,152.61708068847656,129.19630432128906,279.9084777832031
2022-03-16,157.04530334472656,133.21185302734375,286.9659729003906
2022-03-17,158.0589141845703,134.11859130859375,287.7750244140625
2022-03-18,161.36532592773438,136.31170654296875,292.85357666015625
2022-03-21,162.74301147460938,135.9898681640625,291.6156005859375
2022-03-22,166.1281280517578,139.7752685546875,296.3920593261719
2022-03-23,167.4959716796875,138.00762939453125,291.93731689453125
2022-03-24,171.29443359375,140.80606079101562,296.4310302734375
2022-03-25,171.93405151367188,141.01483154296875,296.0216979980469
2022-03-28,172.80003356933594,141.44178771972656,302.8646240234375
2022-03-29,176.10647583007812,142.73712158203125,307.455810546875
2022-03-30,174.93544006347656,142.1337890625,305.94488525390625
2022-03-31,171.8258056640625,139.1495361328125,300.5348815917969
2022-04-01,171.5305938720703,140.19627380371094,301.6169128417969
2022-04-04,175.5947265625,143.1282196044922,307.0269470214844
2022-04-05,172.26864624023438,140.55796813964844,303.0400390625
2022-04-06,169.09014892578125,136.68487548828125,291.94708251953125
2022-04-07,169.39517211914062,135.97640991210938,293.76995849609375
2022-04-08,167.3778839111328,133.5307159423828,289.4808654785156
2022-04-11,163.10707092285156,129.33180236816406,278.0661926269531
2022-04-12,164.98663330078125,127.91487884521484,274.9468688964844
2022-04-13,167.68292236328125,129.8195343017578,280.36663818359375
2022-04-14,162.65443420410156,126.79740905761719,272.7731018066406
2022-04-18,162.43792724609375,127.50286865234375,273.4457092285156
2022-04-19,164.73080444335938,130.0636749267578,278.1051330566406
2022-04-20,164.5634765625,127.7863540649414,279.1384582519531
2022-04-21,163.76641845703125,124.49019622802734,273.7283935546875
2022-04-22,159.21023559570312,119.18575286865234,267.11932373046875
2022-04-25,160.28285217285156,122.80874633789062,273.640625
2022-04-26,154.29978942871094,119.07814025878906,263.4053955078125
2022-04-27,154.07347106933594,114.60870361328125,276.07757568359375
2022-04-28,161.0307159423828,118.98397827148438,282.32598876953125
2022-04-29,155.13624572753906,114.55489349365234,270.5213623046875
2022-05-02,155.44129943847656,116.737548828125,277.2960510253906
2022-05-03,156.93704223632812,117.70657348632812,274.6739501953125
2022-05-04,163.37278747558594,122.13615417480469,282.66717529296875
2022-05-05,154.27027893066406,116.3285140991211,270.35565185546875
2022-05-06,154.99954223632812,115.24591827392578,267.80169677734375
2022-05-09,149.85520935058594,112.67912292480469,257.9076843261719
2022-05-10,152.2696990966797,114.17426300048828,262.7035217285156
2022-05-11,144.37582397460938,113.55298614501953,253.9792938232422
2022-05-12,140.49298095703125,112.755859375,248.91046142578125
2022-05-13,144.97702026367188,116.09835052490234,254.53492736816406
2022-05-16,143.42979431152344,114.38152313232422,254.9053497314453
2022-05-17,147.07611083984375,116.28368377685547,260.09124755859375
2022-05-18,138.77822875976562,111.99858093261719,248.2493438720703
2022-05-19,135.35850524902344,110.34900665283203,247.3308868408203
2022-05-20,135.5950164794922,108.92163848876953,246.7642059326172
2022-05-23,141.03500366210938,111.2667007446289,254.66854858398438
2022-05-24,138.32485961914062,105.54676055908203,253.66220092773438
2022-05-25,138.48257446289062,105.4605712890625,256.4956359863281
2022-05-26,141.69529724121094,107.90827178955078,259.7981262207031
2022-05-27,147.4702911376953,112.39515686035156,266.96966552734375
2022-05-31,146.68190002441406,113.63072204589844,265.6310729980469
2022-06-01,146.55381774902344,113.72836303710938,266.1684875488281
2022-06-02,149.01754760742188,117.32444763183594,268.2789001464844
2022-06-03,143.27210998535156,114.15384674072266,263.82354736328125
2022-06-06,144.02105712890625,116.59156799316406,262.58270263671875
2022-06-07,146.55381774902344,116.8097915649414,266.2466125488281
2022-06-08,145.81466674804688,116.81825256347656,264.2046203613281
2022-06-09,140.5718231201172,114.5065689086914,258.7135314941406
2022-06-10,135.14170837402344,111.028564453125,247.18434143066406
2022-06-13,129.96786499023438,106.49385833740234,236.70057678222656
2022-06-14,130.83506774902344,106.81021881103516,238.87939453125
2022-06-15,133.46632385253906,109.99528503417969,245.98255920410156
2022-06-16,128.17420959472656,106.25421905517578,239.34841918945312
2022-06-17,129.65248107910156,107.47931671142578,241.96688842773438
2022-06-21,133.90000915527344,111.61395263671875,247.91712951660156
2022-06-22,133.3875274658203,111.63288879394531,247.32113647460938
2022-06-23,136.2651824951172,112.28106689453125,252.91966247558594
2022-06-24,139.60601806640625,118.11360931396484,261.5567626953125
2022-06-27,139.60601806640625,116.20496368408203,258.8113098144531
2022-06-28,135.4472198486328,112.1684799194336,250.59425354003906
2022-06-29,137.2112579345703,111.8545913696289,254.28753662109375
2022-06-30,134.73765563964844,108.98091888427734,250.93621826171875
2022-07-01,136.9156036376953,108.69046020507812,253.62310791015625
2022-07-05,139.5074462890625,113.47925567626953,256.8180847167969
2022-07-06,140.84776306152344,114.80101013183594,260.1009521484375
2022-07-07,144.22804260253906,118.87885284423828,262.2407531738281
2022-07-08,144.90802001953125,119.73827362060547,261.5177001953125
2022-07-11,142.7694854736328,116.10531616210938,258.4399719238281
2022-07-12,143.74513244628906,114.43830871582031,247.84873962402344
2022-07-13,143.3804931640625,111.78534698486328,246.9205322265625
2022-07-14,146.3173065185547,111.04102325439453,248.2493438720703
2022-07-15,147.9926300048828,112.36327362060547,250.8287353515625
2022-07-18,144.93760681152344,109.5165023803711,248.41543579101562
2022-07-19,148.8105926513672,114.20963287353516,253.57427978515625
2022-07-20,150.82102966308594,114.28933715820312,256.2513427734375
2022-07-21,153.0975341796875,114.62813568115234,258.76239013671875
2022-07-22,151.85580444335938,107.9720458984375,254.38519287109375
2022-07-25,150.73233032226562,107.82257843017578,252.89031982421875
2022-07-26,149.40191650390625,105.06250762939453,246.11935424804688
2022-07-27,154.51663208007812,113.19328308105469,262.5728454589844
2022-07-28,155.0685272216797,114.17974090576172,270.0668640136719
2022-07-29,160.15371704101562,116.22239685058594,274.2975158691406
2022-08-01,159.16819763183594,115.06655883789062,271.6302185058594
2022-08-02,157.68994140625,115.48505401611328,268.5133972167969
2022-08-03,163.7212371826172,118.354736328125,275.98785400390625
2022-08-04,163.40585327148438,118.44441986083984,277.1407165527344
2022-08-05,163.17886352539062,117.79674530029297,276.41778564453125
2022-08-08,162.70516967773438,117.71703338623047,273.8871765136719
2022-08-09,162.75454711914062,117.0793228149414,275.82171630859375
2022-08-10,167.01783752441406,120.21804809570312,282.5242919921875
2022-08-11,166.2776641845703,119.3910140991211,280.43341064453125
2022-08-12,169.84024047851562,122.21089172363281,285.211181640625
2022-08-15,170.9159393310547,122.44005584716797,286.73541259765625
2022-08-16,170.75802612304688,122.0713882446289,285.9928283691406
2022-08-17,172.25808715820312,119.88922882080078,285.2388916015625
2022-08-18,171.86334228515625,120.42729949951172,284.1128845214844
2022-08-19,169.26788330078125,117.69710540771484,280.1768493652344
2022-08-22,165.36973571777344,114.65802001953125,271.9521484375
2022-08-23,165.03421020507812,114.35909271240234,270.6695556640625
2022-08-24,165.33026123046875,114.28933715820312,270.0331115722656
2022-08-25,167.79742431640625,117.27860260009766,273.0291748046875
2022-08-26,161.47158813476562,110.90151977539062,262.4938049316406
2022-08-29,159.26100158691406,109.94495391845703,259.6935119628906
2022-08-30,156.82345581054688,109.5165023803711,257.4807434082031
2022-08-31,155.15565490722656,108.75921630859375,256.0119934082031
2022-09-01,155.88592529296875,110.15420532226562,254.96432495117188
2022-09-02,153.76416015625,108.29090118408203,250.7149200439453
2022-09-06,152.50094604492188,107.09519958496094,247.9635772705078
2022-09-07,153.91220092773438,110.0844497680664,252.7025146484375
2022-09-08,152.43186950683594,109.02825164794922,253.1235809326172
2022-09-09,155.30364990234375,111.37979888916016,258.9396057128906
2022-09-12,161.28408813476562,111.469482421875,261.0838928222656
2022-09-13,151.82000732421875,104.9329605102539,246.72991943359375
2022-09-14,153.2707061767578,105.490966796875,246.95509338378906
2022-09-15,150.3693389892578,103.52801513671875,240.25787353515625
2022-09-16,148.72122192382812,103.25897979736328,239.63124084472656
2022-09-19,152.4516143798828,103.47819519042969,239.4158172607422
2022-09-20,154.83981323242188,101.46542358398438,237.3890380859375
2022-09-21,151.7016143798828,99.65194702148438,233.9620819091797
2022-09-22,150.73448181152344,100.20993041992188,235.94970703125
2022-09-23,148.45480346679688,98.81494140625,232.95359802246094
2022-09-26,148.79031372070312,98.45623779296875,232.493408203125
2022-09-27,149.76731872558594,97.73881530761719,231.47512817382812
2022-09-28,147.87252807617188,100.37932586669922,236.037841796875
2022-09-29,140.6091766357422,97.73881530761719,232.54234313964844
2022-09-30,136.38536071777344,95.8057632446289,228.0384063720703
2022-10-03,140.57955932617188,98.94448852539062,235.7147216796875
2022-10-04,144.18162536621094,102.04335021972656,243.684814453125
2022-10-05,144.4777069091797,101.8540267944336,243.99813842773438
2022-10-06,143.5204315185547,101.87395477294922,241.638427734375
2022-10-07,138.25057983398438,99.21351623535156,229.3504180908203
2022-10-10,138.57623291015625,98.3565902709961,224.46458435058594
2022-10-11,137.15512084960938,97.69896697998047,220.7047576904297
2022-10-12,136.52354431152344,97.94806671142578,221.03761291503906
2022-10-13,141.11251831054688,99.35301208496094,229.3504180908203
2022-10-14,136.5630340576172,96.83207702636719,223.78895568847656
2022-10-17,140.54010009765625,100.41918182373047,232.5717010498047
2022-10-18,141.8625030517578,101.02699279785156,233.521484375
2022-10-19,141.97103881835938,99.93093872070312,231.5436248779297
2022-10-20,141.50723266601562,100.17007446289062,231.22055053710938
2022-10-21,145.3363037109375,101.11668395996094,237.06591796875
2022-10-24,147.48765563964844,102.60134887695312,242.08885192871094
2022-10-25,150.33970642089844,104.55432891845703,245.4276885986328
2022-10-26,147.38897705078125,94.48052215576172,226.4913787841797
2022-10-27,142.89874267578125,92.26847076416016,222.01675415039062
2022-10-28,153.69508361816406,96.23422241210938,230.94639587402344
2022-10-31,151.32656860351562,94.32109832763672,227.2844696044922
2022-11-01,148.6719207763672,90.17598724365234,223.4071044921875
2022-11-02,143.1256866455078,86.75827026367188,215.50558471679688
2022-11-03,137.05645751953125,83.19108581542969,209.77767944335938
2022-11-04,136.78956604003906,86.38958740234375,216.76866149902344
2022-11-07,137.32334899902344,88.3326187133789,223.11337280273438
2022-11-08,137.89666748046875,88.59168243408203,224.09251403808594
2022-11-09,133.3198699951172,87.08708953857422,219.82351684570312
2022-11-10,145.18197631835938,93.83284759521484,237.90794372558594
2022-11-11,147.9794464111328,96.3836898803711,241.95176696777344
2022-11-14,146.5757598876953,95.68619537353516,236.50782775878906
2022-11-15,148.31553649902344,98.36656188964844,236.9190673828125
2022-11-16,147.0799102783203,98.63558959960938,237.35105895996094
2022-11-17,148.98773193359375,98.14734649658203,237.3019561767578
2022-11-18,149.5511474609375,97.44985961914062,236.85031127929688
2022-11-21,146.3088836669922,95.48690795898438,237.665283203125
2022-11-22,148.45394897460938,96.98153686523438,240.59127807617188
2022-11-23,149.33372497558594,98.46619415283203,243.09510803222656
2022-11-25,146.40773010253906,97.25056457519531,243.00672912597656
2022-11-28,142.56243896484375,95.90540313720703,237.38052368164062
2022-11-29,139.54747009277344,95.09830474853516,235.9764404296875
2022-11-30,146.32864379882812,101.0867919921875,250.5181427001953
2022-12-01,146.60540771484375,100.91739654541016,250.07630920410156
2022-12-02,146.1111602783203,100.46900939941406,250.40032958984375
2022-12-05,144.94471740722656,99.51244354248047,245.66763305664062
2022-12-06,141.2675018310547,96.96160125732422,240.67967224121094
2022-12-07,139.3201446533203,94.80934143066406,239.9432373046875
2022-12-08,141.010498046875,93.61363220214844,242.91836547851562
2022-12-09,140.52610778808594,92.73678588867188,240.97422790527344
2022-12-12,142.82933044433594,93.22502899169922,247.93580627441406
2022-12-13,143.79806518554688,95.5068359375,252.26593017578125
2022-12-14,141.5640411376953,94.96876525878906,252.5605010986328
2022-12-15,134.93115234375,90.87348175048828,244.4992218017578
2022-12-16,132.96401977539062,90.5346908569336,240.25746154785156
2022-12-19,130.84861755371094,88.83082580566406,236.09426879882812
2022-12-20,130.7794647216797,89.30909729003906,237.4197998046875
2022-12-21,133.89320373535156,89.9268798828125,240.0021514892578
2022-12-22,130.71023559570312,87.94401550292969,233.87521362304688
2022-12-23,130.344482421875,89.48844909667969,234.40541076660156
2022-12-27,128.53553771972656,87.61519622802734,232.66749572753906
2022-12-28,124.59136962890625,86.15045166015625,230.28150939941406
2022-12-29,128.12033081054688,88.63153076171875,236.64410400390625
2022-12-30,128.4366455078125,88.4123306274414,235.47569274902344
2023-01-03,123.63253021240234,89.37885284423828,235.239990234375
2023-01-04,124.90769958496094,88.39239501953125,224.94989013671875
2023-01-05,123.58309173583984,86.45933532714844,218.28285217285156
2023-01-06,128.13023376464844,87.84436798095703,220.85537719726562
2023-01-09,128.65411376953125,88.4820785522461,223.0057373046875
2023-01-10,129.22747802734375,88.92049407958984,224.7043914794922
2023-01-11,131.9557647705078,91.9296875,231.49903869628906
2023-01-12,131.87667846679688,91.58094024658203,234.18939208984375
2023-01-13,133.21115112304688,92.46775817871094,234.8963623046875
2023-01-17,134.37759399414062,91.83004760742188,235.99607849121094
2023-01-18,133.65597534179688,91.45140838623047,231.53831481933594
2023-01-19,133.7152862548828,93.57377624511719,227.7285919189453
2023-01-20,136.28543090820312,98.92455291748047,235.8684539794922
2023-01-23,139.48817443847656,100.84764099121094,238.1856689453125
2023-01-24,140.89186096191406,98.85479736328125,237.6554718017578
2023-01-25,140.2295379638672,96.3836898803711,236.2513885498047
2023-01-26,142.305419921875,98.80499267578125,243.50750732421875
2023-01-27,144.25274658203125,100.34942626953125,243.66461181640625
2023-01-30,141.35646057128906,97.59931182861328,238.31333923339844
2023-01-31,142.63160705566406,99.51244354248047,243.32093811035156
2023-02-01,143.75851440429688,101.06684875488281,248.17144775390625
2023-02-02,149.08657836914062,108.41047668457031,259.8067626953125
2023-02-03,152.72427368164062,104.84329223632812,253.6699981689453
2023-02-06,149.9861297607422,103.09954833984375,252.1186065673828
2023-02-07,152.87257385253906,107.65319061279297,262.7132263183594
2023-02-08,150.1739044189453,99.64197540283203,261.89825439453125
2023-02-09,149.135986328125,95.11823272705078,258.84454345703125
2023-02-10,149.5023193359375,94.52037811279297,258.333984375
2023-02-13,152.31394958496094,94.65988159179688,266.405029296875
2023-02-14,151.67044067382812,94.61005401611328,267.23968505859375
2023-02-15,153.77919006347656,96.75235748291016,265.1036376953125
2023-02-16,152.17535400390625,95.43708801269531,258.0458679199219
2023-02-17,151.0269317626953,94.25133514404297,254.01991271972656
2023-02-21,146.99755859375,91.72045135498047,248.7143096923828
2023-02-22,147.4232940673828,91.47134399414062,247.5724334716797
2023-02-23,147.90835571289062,90.74394226074219,250.7814178466797
2023-02-24,145.2452392578125,89.03010559082031,245.3183135986328
2023-02-27,146.44314575195312,89.77741241455078,246.2436065673828
2023-02-28,145.93826293945312,89.97671508789062,245.51519775390625
2023-03-01,143.8592071533203,90.18595123291016,242.41448974609375
2023-03-02,144.4532470703125,91.97950744628906,247.1787109375
2023-03-03,149.52210998535156,93.68338775634766,251.29327392578125
2023-03-06,152.29415893554688,95.23780059814453,252.84852600097656
2023-03-07,150.08641052246094,93.83284759521484,250.17111206054688
2023-03-08,151.34375,94.3111343383789,249.72817993164062
2023-03-09,149.08648681640625,92.32826232910156,248.3697967529297
2023-03-10,147.0173797607422,90.68416595458984,244.6981658935547
2023-03-13,148.96768188476562,91.33184051513672,249.94473266601562
2023-03-14,151.0665283203125,93.91256713867188,256.70721435546875
2023-03-15,151.46255493164062,96.20433044433594,261.28436279296875
2023-03-16,154.29397583007812,100.70814514160156,271.8759460449219
2023-03-17,153.45249938964844,102.0931625366211,275.05535888671875
2023-03-20,155.8284912109375,101.5650634765625,267.96807861328125
2023-03-21,157.6897430419922,105.4610595703125,269.4938049316406
2023-03-22,156.2542266845703,103.84687042236328,268.0271301269531
2023-03-23,157.34323120117188,105.87957000732422,273.3131103515625
2023-03-24,158.65003967285156,105.6802749633789,276.1775817871094
2023-03-27,156.69972229003906,102.6910171508789,272.0531005859375
2023-03-28,156.07601928710938,100.99710845947266,270.92108154296875
2023-03-29,159.1648712158203,101.5351791381836,276.1184387207031
2023-03-30,160.73899841308594,100.9572525024414,279.60302734375
2023-03-31,163.2536163330078,103.6276626586914,283.7864990234375
2023-04-03,164.51095581054688,104.5344009399414,282.73321533203125
2023-04-04,163.9763641357422,104.74364471435547,282.6840515136719
2023-04-05,162.12503051757812,104.57424926757812,279.8885192871094
2023-04-06,163.01602172851562,108.5101089477539,287.03485107421875
2023-04-10,160.41229248046875,106.56709289550781,284.85943603515625
2023-04-11,159.194580078125,105.74006652832031,278.4021301269531
2023-04-12,158.50157165527344,104.84329223632812,279.05181884765625
2023-04-13,163.90704345703125,107.80265808105469,285.3023681640625
2023-04-14,163.56053161621094,109.06810760498047,281.66033935546875
2023-04-17,163.580322265625,106.03898620605469,284.2786865234375
2023-04-18,164.8079376220703,104.74364471435547,283.8553771972656
2023-04-19,165.95639038085938,104.64399719238281,283.9341735839844
2023-04-20,164.9861297607422,105.52085876464844,281.6307678222656
2023-04-21,163.37242126464844,105.53082275390625,281.2862243652344
2023-04-24,163.67935180664062,106.39769744873047,277.35870361328125
2023-04-25,162.13491821289062,104.2354736328125,271.1081848144531
2023-04-26,162.12503051757812,104.07604217529297,290.74578857421875
2023-04-27,166.7285919189453,107.98201751708984,300.05767822265625
2023-04-28,167.9859161376953,107.8325424194336,302.44964599609375
2023-05-01,167.8968048095703,107.32437133789062,300.7762756347656
2023-05-02,166.85728454589844,105.60057067871094,300.628662109375
2023-05-03,165.77818298339844,105.74006652832031,299.6344299316406
2023-05-04,164.13473510742188,104.83332824707031,300.628662109375
2023-05-05,171.83706665039062,105.83472442626953,305.78656005859375
2023-05-08,171.76776123046875,107.85247039794922,303.81793212890625
2023-05-09,170.05503845214844,107.55355834960938,302.1937255859375
2023-05-10,171.82717895507812,111.87801361083984,307.42059326171875
2023-05-11,172.01527404785156,116.4814682006836,305.2550048828125
2023-05-12,171.0833740234375,117.49781799316406,304.13287353515625
2023-05-15,170.5876922607422,116.54125213623047,304.6152038574219
2023-05-16,170.5876922607422,119.66004180908203,306.8595275878906
2023-05-17,171.2023162841797,121.04507446289062,309.7597961425781
2023-05-18,173.54202270507812,123.0777587890625,314.21875
2023-05-19,173.65106201171875,122.80874633789062,314.04119873046875
2023-05-22,172.6993408203125,125.41935729980469,316.84283447265625
2023-05-23,170.08206176757812,122.84860229492188,311.0028076171875
2023-05-24,170.35964965820312,121.20450592041016,309.6118469238281
2023-05-25,171.499755859375,123.90479278564453,321.5188903808594
2023-05-26,173.918701171875,124.9809341430664,328.3947448730469
2023-05-30,175.7726287841797,124.19375610351562,326.73736572265625
2023-05-31,175.7230682373047,122.92831420898438,323.95550537109375
2023-06-01,178.53858947753906,123.92472839355469,328.0888977050781
2023-06-02,179.39120483398438,124.78164672851562,330.8708190917969
2023-06-05,178.032958984375,126.17662811279297,331.403564453125
2023-06-06,177.66616821289062,127.4520492553711,329.1740417480469
2023-06-07,176.2881622314453,122.4998550415039,319.0131530761719
2023-06-08,179.01443481445312,122.2308120727539,320.8677673339844
2023-06-09,179.40110778808594,122.43009948730469,322.3771057128906
2023-06-12,182.2067108154297,123.90479278564453,327.3688049316406
2023-06-13,181.7308349609375,123.98450469970703,329.7758483886719
2023-06-14,182.36534118652344,123.9346923828125,332.78460693359375
2023-06-15,184.4075927734375,125.33963775634766,343.39935302734375
2023-06-16,183.32696533203125,123.61582946777344,337.707275390625
2023-06-20,183.41619873046875,123.40657806396484,333.4850769042969
2023-06-21,182.375244140625,120.82585906982422,329.0556640625
2023-06-22,185.38906860351562,123.426513671875,335.12261962890625
2023-06-23,185.07179260253906,122.57955932617188,330.4959716796875
2023-06-26,183.6739501953125,118.66362762451172,324.16265869140625
2023-06-27,186.43992614746094,118.58391571044922,330.05206298828125
2023-06-28,187.61965942382812,120.6465072631836,331.31475830078125
2023-06-29,187.95675659179688,119.58033752441406,330.5255432128906
2023-06-30,192.2990264892578,120.53689575195312,335.9414367675781
2023-07-03,190.80201721191406,120.12836456298828,333.4258728027344
2023-07-05,189.68177795410156,122.19095611572266,333.58367919921875
2023-07-06,190.15762329101562,120.49703979492188,336.6615295410156
2023-07-07,189.037353515625,119.70986938476562,332.6662292480469
2023-07-10,186.98519897460938,116.45158386230469,327.3490295410156
2023-07-11,186.4597625732422,117.28856658935547,327.98040771484375
2023-07-12,188.1352081298828,119.19173431396484,332.6465759277344
2023-07-13,188.8985595703125,124.38308715820312,338.03277587890625
2023-07-14,189.0472869873047,125.24996185302734,340.5779113769531
2023-07-17,192.31886291503906,124.61225891113281,341.06134033203125
2023-07-18,192.06106567382812,123.6357650756836,354.635498046875
2023-07-19,193.41929626464844,122.34040832519531,350.28509521484375
2023-07-20,191.4662628173828,119.10205078125,342.1859436035156
2023-07-21,190.2864990234375,119.87926483154297,339.1278076171875
2023-07-24,191.08953857421875,121.44363403320312,340.4497375488281
2023-07-25,191.9520263671875,122.35038757324219,346.2404479980469
2023-07-26,192.82444763183594,129.19580078125,333.2088317871094
2023-07-27,191.5554962158203,129.405029296875,326.2540283203125
2023-07-28,194.1429901123047,132.53378295898438,333.80072021484375
2023-07-31,194.7576446533203,132.63345336914062,331.38385009765625
2023-08-01,193.92489624023438,131.4178009033203,331.7981262207031
2023-08-02,190.92098999023438,128.17942810058594,323.0774841308594
2023-08-03,189.5231170654297,128.30897521972656,322.2488708496094
2023-08-04,180.42221069335938,128.0797882080078,323.3537292480469
2023-08-07,177.3092803955078,131.46762084960938,325.6522216796875
2023-08-08,178.25108337402344,131.36798095703125,321.6470642089844
2023-08-09,176.65493774414062,129.68402099609375,317.8786926269531
2023-08-10,176.4368438720703,129.7438201904297,318.5692138671875
2023-08-11,176.49639892578125,129.70396423339844,316.6751403808594
2023-08-14,178.15426635742188,131.3580322265625,319.66424560546875
2023-08-15,176.15887451171875,129.80360412597656,317.513671875
2023-08-16,175.28529357910156,128.64776611328125,316.7425842285156
2023-08-17,172.73399353027344,129.99293518066406,313.2627258300781
2023-08-18,173.22042846679688,127.65133666992188,312.8673400878906
2023-08-21,174.5605926513672,128.4683837890625,318.2057189941406
2023-08-22,175.94049072265625,129.22567749023438,318.7790832519531
2023-08-23,179.80218505859375,132.7330780029297,323.2672424316406
2023-08-24,175.09666442871094,129.9530487060547,316.3174743652344
2023-08-25,177.31045532226562,130.2220916748047,319.2931823730469
2023-08-28,178.8789520263672,131.3181610107422,320.00494384765625
2023-08-29,182.78036499023438,135.0049285888672,324.6611328125
2023-08-30,186.28466796875,136.43975830078125,325.0368347167969
2023-08-31,186.50306701660156,136.8582763671875,324.0185852050781
2023-09-01,188.08148193359375,136.31021118164062,324.9083251953125
2023-09-05,188.3197479248047,136.22055053710938,329.74249267578125
2023-09-06,181.57916259765625,134.88534545898438,329.08013916015625
2023-09-07,176.26808166503906,135.71237182617188,326.1440124511719
2023-09-08,176.88357543945312,136.70880126953125,330.45428466796875
2023-09-11,178.05499267578125,137.2468719482422,334.0823669433594
2023-09-12,175.01727294921875,135.58285522460938,327.9827880859375
2023-09-13,172.94247436523438,137.00770568847656,332.22381591796875
2023-09-14,174.46133422851562,138.49240112304688,334.8337097167969
2023-09-15,173.73663330078125,137.8048553466797,326.4505310058594
2023-09-18,176.6750946044922,138.46249389648438,325.3036804199219
2023-09-19,177.76710510253906,138.3329620361328,324.89837646484375
2023-09-20,174.21315002441406,134.10813903808594,317.1083679199219
2023-09-21,172.66448974609375,130.8896942138672,315.8824768066406
2023-09-22,173.5182342529297,130.7801055908203,313.391357421875
2023-09-25,174.79884338378906,131.69679260253906,313.91522216796875
2023-09-26,170.70884704589844,128.98654174804688,308.5768737792969
2023-09-27,169.18997192382812,130.98934936523438,309.21942138671875
2023-09-28,169.44805908203125,132.6533660888672,310.05975341796875
2023-09-29,169.9643096923828,131.37794494628906,312.1456604003906
2023-10-02,172.48580932617188,134.68606567382812,318.1266174316406
2023-10-03,171.14561462402344,132.82273864746094,309.8126220703125
2023-10-04,172.396484375,135.78213500976562,315.31903076171875
2023-10-05,173.63739013671875,135.50314331054688,315.7144470214844
2023-10-06,176.19859313964844,138.23330688476562,323.5242614746094
2023-10-09,177.6876983642578,139.0005645751953,326.0550537109375
2023-10-10,177.092041015625,138.70162963867188,324.64141845703125
2023-10-11,178.49179077148438,141.1926727294922,328.6253967285156
2023-10-12,179.3951873779297,139.7877197265625,327.3797302246094
2023-10-13,177.54872131347656,138.08384704589844,323.9889221191406
2023-10-16,177.4196319580078,139.9870147705078,328.84283447265625
2023-10-17,175.86105346679688,140.4852294921875,328.2694396972656
2023-10-18,174.5605926513672,138.78134155273438,326.3417053222656
2023-10-19,174.18336486816406,138.482421875,327.5379638671875
2023-10-20,171.6221466064453,136.2504425048828,322.9410400390625
2023-10-23,171.7412567138672,137.4062957763672,325.5607604980469
2023-10-24,172.1780548095703,139.6183319091797,326.7569274902344
2023-10-25,169.8551025390625,126.21649169921875,336.7812194824219
2023-10-26,165.67572021484375,122.99805450439453,324.1471252441406
2023-10-27,166.99606323242188,122.95819854736328,326.045166015625
2023-10-30,169.0509796142578,125.2997817993164,333.45953369140625
2023-10-31,169.52749633789062,124.85140228271484,334.25042724609375
2023-11-01,172.70419311523438,127.11327362060547,342.1195373535156
2023-11-02,176.2780303955078,128.11965942382812,344.3438720703125
2023-11-03,175.3647003173828,129.9032440185547,348.772705078125
2023-11-06,177.92593383789062,130.97938537597656,352.46014404296875
2023-11-07,180.49710083007812,131.92596435546875,356.41448974609375
2023-11-08,181.55929565429688,132.7828826904297,359.0540466308594
2023-11-09,181.0828094482422,131.21852111816406,356.5726623535156
2023-11-10,185.2875518798828,133.5800323486328,365.4501647949219
2023-11-13,183.6970977783203,133.16152954101562,362.4942626953125
2023-11-14,186.32135009765625,134.9451141357422,366.0433044433594
2023-11-15,186.887939453125,135.89173889160156,366.19189453125
2023-11-16,188.5778045654297,138.2034149169922,372.6307678222656
2023-11-17,188.55792236328125,136.44972229003906,366.3702087402344
2023-11-20,190.3074188232422,137.42620849609375,373.8887939453125
2023-11-21,189.50222778320312,138.1237030029297,369.5599365234375
2023-11-22,190.16822814941406,139.51869201660156,374.29498291015625
2023-11-24,188.8362579345703,137.7251434326172,373.8788757324219
2023-11-27,188.6573028564453,137.55577087402344,375.04779052734375
2023-11-28,189.263671875,138.1237030029297,379.0993347167969
2023-11-29,188.2398223876953,135.91165161132812,375.2855529785156
2023-11-30,188.8163604736328,133.44052124023438,375.3449401855469
2023-12-01,190.09866333007812,132.8426971435547,370.98638916015625
2023-12-04,188.29945373535156,130.16232299804688,365.66693115234375
2023-12-05,192.2656707763672,131.916015625,369.01507568359375
2023-12-06,191.17222595214844,130.9594268798828,365.330078125
2023-12-07,193.11058044433594,137.95431518554688,367.4598693847656
2023-12-08,194.54197692871094,136.15078735351562,370.708984375
2023-12-11,192.027099609375,134.2177276611328,367.80657958984375
2023-12-12,193.54795837402344,133.16152954101562,370.8575439453125
2023-12-13,196.778564453125,133.49037170410156,370.8476867675781
2023-12-14,196.92767333984375,132.72311401367188,362.4870910644531
2023-12-15,196.39089965820312,133.36080932617188,367.2419738769531
2023-12-18,194.72091674804688,136.69882202148438,369.14385986328125
2023-12-19,195.7646484375,137.60557556152344,369.7481384277344
2023-12-20,193.667236328125,139.1599884033203,367.1329650878906
2023-12-21,193.51812744140625,141.29232788085938,370.0255126953125
2023-12-22,192.44459533691406,142.2090301513672,371.0556640625
2023-12-26,191.8978729248047,142.3086700439453,371.1349792480469
2023-12-27,191.99725341796875,140.93362426757812,370.550537109375
2023-12-28,192.42469787597656,140.77418518066406,371.7491149902344
2023-12-29,191.38096618652344,140.42543029785156,372.50201416015625
